acropolis_athens,8877218909
acropolis_athens,3951800783
acropolis_athens,4316759251
acropolis_athens,2951861710
acropolis_athens,4317495448
acropolis_athens,5098166243
acropolis_athens,6231951817
acropolis_athens,8492075597
acropolis_athens,2951064223
acropolis_athens,9069976672
acropolis_athens,3472230091
acropolis_athens,509939994
acropolis_athens,470032783
acropolis_athens,3951789739
acropolis_athens,3536116282
acropolis_athens,9067745863
acropolis_athens,10045868856
acropolis_athens,2183301183
acropolis_athens,533818818
acropolis_athens,5250932835
acropolis_athens,10045737995
agra_fort,2432862785
agra_fort,10686877993
agra_fort,10686868393
agra_fort,6624575811
agra_fort,5715442729
agra_fort,5715385311
agra_fort,3770828505
agra_fort,2433675946
agra_fort,2976228
agra_fort,3530756445
agra_fort,10686632825
agra_fort,11429070336
agra_fort,2433679204
agra_fort,5350121769
agra_fort,1806444675
agra_fort,5452759540
agra_fort,3770779865
agra_fort,50494601
agra_fort,3770770479
agra_fort,3292294323
agra_fort,2828701829
agra_fort,3292905084
agra_fort,2828701349
agra_fort,10427928396
agra_fort,8557266302
albert_memorial,2253322020
albert_memorial,3298078412
albert_memorial,3980165849
albert_memorial,3769926194
albert_memorial,2312250788
albert_memorial,7568489686
albert_memorial,7959565666
albert_memorial,3976302614
albert_memorial,6528444885
albert_memorial,4049644957
albert_memorial,5214135976
albert_memorial,3412640408
albert_memorial,38399148
albert_memorial,4049643997
albert_memorial,121465108
albert_memorial,7568487930
albert_memorial,4049645329
albert_memorial,3769935968
albert_memorial,5500628375
albert_memorial,3393443276
albert_memorial,64198400
albert_memorial,3826017230
altes_museum,2830957447
altes_museum,11367884653
altes_museum,2831800840
altes_museum,3843319247
altes_museum,933771314
altes_museum,6915332487
altes_museum,4286177739
altes_museum,10523798314
altes_museum,2530700122
altes_museum,3945512630
altes_museum,8717210517
altes_museum,8717210207
altes_museum,3470961005
altes_museum,10482728394
altes_museum,285688613
altes_museum,8718331592
altes_museum,8718320116
altes_museum,3471785688
altes_museum,6915332205
altes_museum,11367760666
altes_museum,3471783700
altes_museum,2313824004
altes_museum,3769976991
altes_museum,477374463
amiens_cathedral,9548119788
amiens_cathedral,417793033
amiens_cathedral,819723003
amiens_cathedral,4815285674
amiens_cathedral,5909971151
amiens_cathedral,4814634085
amiens_cathedral,820570356
amiens_cathedral,820567200
amiens_cathedral,1763665829
amiens_cathedral,296734025
amiens_cathedral,243220980
amiens_cathedral,1764492226
amiens_cathedral,11400976535
amiens_cathedral,1763632205
amiens_cathedral,5734661194
amiens_cathedral,1763638935
amiens_cathedral,949554410
amiens_cathedral,7621487114
amiens_cathedral,2800870418
amiens_cathedral,421994384
amiens_cathedral,5910658174
amiens_cathedral,3486785310
amiens_cathedral,11401079976
amiens_cathedral,84532530
amiens_cathedral,5910102005
angel_of_the_north,3082007635
angel_of_the_north,278547939
angel_of_the_north,318616892
angel_of_the_north,96841974
angel_of_the_north,3106389173
angel_of_the_north,3102384681
angel_of_the_north,99211695
angel_of_the_north,1674810741
angel_of_the_north,318617097
angel_of_the_north,1674815731
angel_of_the_north,96838970
angel_of_the_north,1674805035
angel_of_the_north,223803831
angel_of_the_north,3101030298
angel_of_the_north,99211319
angel_of_the_north,5872554998
angel_of_the_north,2682134066
angel_of_the_north,5872007993
angel_of_the_north,278547325
angel_of_the_north,3100192297
angel_of_the_north,282328625
angel_of_the_north,5187688576
angel_of_the_north,2873158508
angel_of_the_north,2682134056
angel_of_the_north,1831692999
angkor_wat,7728435700
angkor_wat,5061762285
angkor_wat,3862885865
angkor_wat,2277359774
angkor_wat,5020368815
angkor_wat,7294655744
angkor_wat,3422896185
angkor_wat,9693996533
angkor_wat,2276555071
angkor_wat,5058427508
angkor_wat,59041393
angkor_wat,7755466318
angkor_wat,9690531662
angkor_wat,2276565433
angkor_wat,8482122842
angkor_wat,9687293017
angkor_wat,5637174752
angkor_wat,2277357422
angkor_wat,59041461
angkor_wat,2276558761
angkor_wat,2970868951
angkor_wat,8384433912
angkor_wat,3863671864
angkor_wat,5951684974
angkor_wat,59041346
ara_pacis,447254085
ara_pacis,3193676809
ara_pacis,4382420643
ara_pacis,7948871370
ara_pacis,2337424745
ara_pacis,3307391506
ara_pacis,7949014264
ara_pacis,7949049474
ara_pacis,7032409059
ara_pacis,7754472936
ara_pacis,447166620
ara_pacis,6886314728
ara_pacis,7949006720
ara_pacis,2298245122
ara_pacis,3207964026
ara_pacis,4288647764
ara_pacis,2298252544
ara_pacis,7754468296
ara_pacis,446147662
ara_pacis,2892442683
ara_pacis,476877830
ara_pacis,6886325032
arc_de_triomphe,4635289199
arc_de_triomphe,2178021481
arc_de_triomphe,8314754328
arc_de_triomphe,9792785886
arc_de_triomphe,8372898521
arc_de_triomphe,8208673982
arc_de_triomphe,487608986
arc_de_triomphe,487509630
arc_de_triomphe,5110169706
arc_de_triomphe,8207583449
arc_de_triomphe,4650156771
arc_de_triomphe,5110162700
arc_de_triomphe,487688433
arc_de_triomphe,2178785292
arc_de_triomphe,4650900590
arc_de_triomphe,2982903155
arc_de_triomphe,9293222286
arc_de_triomphe,1428699474
arc_de_triomphe,7970026090
arc_de_triomphe,2983760098
arc_de_triomphe,2178639350
arc_de_triomphe,4650302883
arc_de_triomphe,4650289561
arc_de_triomphe,4500879888
aztec_ruins,5866538178
aztec_ruins,2198535282
aztec_ruins,5865973377
aztec_ruins,4684325374
aztec_ruins,9029637884
aztec_ruins,5866529014
aztec_ruins,4855359798
aztec_ruins,2366452247
aztec_ruins,4707179957
aztec_ruins,4854723355
aztec_ruins,4822519631
aztec_ruins,4855336608
aztec_ruins,2366447323
aztec_ruins,4854728955
aztec_ruins,2202481442
aztec_ruins,169893105
aztec_ruins,4822517891
aztec_ruins,2201687285
aztec_ruins,4707179983
aztec_ruins,4707775920
aztec_ruins,5866559996
aztec_ruins,5865999403
aztec_ruins,2367257762
aztec_ruins,4640150206
aztec_ruins,9029676120
berlin_cathedral,4276883779
berlin_cathedral,2598275817
berlin_cathedral,3886519232
berlin_cathedral,3885725243
berlin_cathedral,2921951447
berlin_cathedral,9538786930
berlin_cathedral,5991876885
berlin_cathedral,5287120473
berlin_cathedral,8933604059
berlin_cathedral,4760673700
berlin_cathedral,2599123036
berlin_cathedral,5992431508
berlin_cathedral,2410209145
berlin_cathedral,2599110112
berlin_cathedral,4472159392
berlin_cathedral,5199667171
berlin_cathedral,4277654784
berlin_cathedral,5214455310
berlin_cathedral,5373379852
berlin_cathedral,2922770680
berlin_cathedral,9527521558
berlin_cathedral,2789250531
berlin_cathedral,4016940987
berlin_cathedral,4882035660
berlin_cathedral,5199669679
big_ben,461817428
big_ben,24333537
big_ben,3770033664
big_ben,7008052793
big_ben,4310790763
big_ben,4581440783
big_ben,2453298861
big_ben,3770210866
big_ben,2630673146
big_ben,471850273
big_ben,5984541482
big_ben,36108839
big_ben,5454976139
big_ben,3216505410
big_ben,3173783162
big_ben,8331856100
big_ben,331229065
big_ben,8642247809
big_ben,9633827175
big_ben,2744360882
big_ben,5566463504
big_ben,7536840750
bok_tower_gardens,7193009490
bok_tower_gardens,7154217817
bok_tower_gardens,289509603
bok_tower_gardens,3834627447
bok_tower_gardens,3835450838
bok_tower_gardens,7259487746
bok_tower_gardens,5625773610
bok_tower_gardens,5625187055
bok_tower_gardens,2633418313
bok_tower_gardens,296027404
bok_tower_gardens,8365025528
bok_tower_gardens,4633044841
bok_tower_gardens,10659584605
bok_tower_gardens,5625778544
bok_tower_gardens,4644065107
bok_tower_gardens,3099692474
bok_tower_gardens,821433745
bok_tower_gardens,9254681901
bok_tower_gardens,5634382418
bok_tower_gardens,8051601508
bok_tower_gardens,3098866733
bok_tower_gardens,4640696042
bok_tower_gardens,3200054599
bok_tower_gardens,8190317898
bok_tower_gardens,2634312712
brandenburg_gate,5550461819
brandenburg_gate,5551030150
brandenburg_gate,2732224763
brandenburg_gate,6880116585
brandenburg_gate,158866424
brandenburg_gate,5083477916
brandenburg_gate,2961657847
brandenburg_gate,5398427797
brandenburg_gate,5022944133
brandenburg_gate,4076508876
brandenburg_gate,4077970907
brandenburg_gate,1250315709
brandenburg_gate,5550442083
brandenburg_gate,158867236
brandenburg_gate,2745260276
brandenburg_gate,5011625981
brandenburg_gate,2765054479
brandenburg_gate,3638208265
brandenburg_gate,223914037
brandenburg_gate,6880115857
brandenburg_gate,6880123541
brandenburg_gate,5083485500
brandenburg_gate,1185018782
brandenburg_gate,5398391453
brandenburg_gate,566295389
cabrillo,3493362646
cabrillo,8027062614
cabrillo,3493366538
cabrillo,7116897631
cabrillo,2306455338
cabrillo,3457810042
cabrillo,8027063770
cabrillo,2776625212
cabrillo,3457810590
cabrillo,8027052874
cabrillo,3198731514
cabrillo,562314127
cabrillo,5143859477
casa_batllo,222173555
casa_batllo,5758208845
casa_batllo,3412912743
casa_batllo,222216610
casa_batllo,6279974390
casa_batllo,5169435857
casa_batllo,4349064496
casa_batllo,536008018
casa_batllo,480432781
casa_batllo,5758916622
casa_batllo,4219797403
casa_batllo,538263063
casa_batllo,5634045433
casa_batllo,608542690
casa_batllo,6492327911
casa_batllo,6279464277
casa_batllo,1695594256
casa_batllo,6279460063
casa_batllo,2351628249
casa_batllo,5634661359
casa_batllo,5230231632
casa_batllo,2695689161
casa_batllo,4220570964
casa_batllo,4349116310
casa_batllo,480419960
casa_rosada,8004818726
casa_rosada,5096913262
casa_rosada,11732393785
casa_rosada,3899276739
casa_rosada,8810440157
casa_rosada,8047217441
casa_rosada,2219519157
casa_rosada,4720894817
casa_rosada,8810436449
casa_rosada,7756472964
casa_rosada,8002084261
casa_rosada,6158593295
casa_rosada,4721559334
casa_rosada,3899277837
casa_rosada,441446537
casa_rosada,11733052316
casa_rosada,6248193828
casa_rosada,5096961666
casa_rosada,3809258995
casa_rosada,3809245299
casa_rosada,6158694333
casa_rosada,8821024424
casa_rosada,8821027118
casa_rosada,5497692837
casa_rosada,3805261350
castillo_de_san_marcos,2457745846
castillo_de_san_marcos,2903524322
castillo_de_san_marcos,2215439862
castillo_de_san_marcos,8654373732
castillo_de_san_marcos,6739484063
castillo_de_san_marcos,6739484983
castillo_de_san_marcos,2599310734
castillo_de_san_marcos,8773280344
castillo_de_san_marcos,2849497777
castillo_de_san_marcos,5100226496
castillo_de_san_marcos,8558978104
castillo_de_san_marcos,4501760852
castillo_de_san_marcos,8557891475
castillo_de_san_marcos,2849498069
castillo_de_san_marcos,8155222822
castillo_de_san_marcos,8768527097
castillo_de_san_marcos,6739494085
castillo_de_san_marcos,2850330306
castillo_de_san_marcos,2423863366
castillo_de_san_marcos,4258419896
castillo_de_san_marcos,626387657
castillo_de_san_marcos,2849497989
castillo_de_san_marcos,2212304635
castillo_de_san_marcos,2903435370
castillo_de_san_marcos,4258414762
chartres_cathedral,3779292138
chartres_cathedral,1429286906
chartres_cathedral,3020386076
chartres_cathedral,3297729299
chartres_cathedral,5819442989
chartres_cathedral,3298560930
chartres_cathedral,3629413075
chartres_cathedral,11285844
chartres_cathedral,3779301158
chartres_cathedral,3944433203
chartres_cathedral,3945201862
chartres_cathedral,3779289528
chartres_cathedral,3732909164
chartres_cathedral,3944409335
chartres_cathedral,5819438633
chartres_cathedral,3732092259
chartres_cathedral,1428403727
chartres_cathedral,4013616626
chartres_cathedral,3298515160
chartres_cathedral,3778484761
chartres_cathedral,7748952300
chartres_cathedral,3779303606
chartres_cathedral,1429277500
chartres_cathedral,7545563574
chartres_cathedral,9364836621
chichen_itza,3434353579
chichen_itza,7037628693
chichen_itza,193792167
chichen_itza,112243575
chichen_itza,4598842622
chichen_itza,3309785881
chichen_itza,1812346226
chichen_itza,1954858119
chichen_itza,193794600
chichen_itza,4598250239
chichen_itza,3400939280
chichen_itza,5554649466
chichen_itza,9617662393
chichen_itza,193797926
chichen_itza,3435368358
chichen_itza,2293879588
chichen_itza,5601664567
chichen_itza,112244038
chichen_itza,3307350379
chichen_itza,5096883348
chichen_itza,4745825323
chichen_itza,6891540298
chichen_itza,2392820298
chichen_itza,3435588820
chichen_itza,6274935598
christ_the_redeemer_rio,5285625683
christ_the_redeemer_rio,3171494954
christ_the_redeemer_rio,2920018703
christ_the_redeemer_rio,3185725074
christ_the_redeemer_rio,3185723398
christ_the_redeemer_rio,5268902791
christ_the_redeemer_rio,3170653137
christ_the_redeemer_rio,11751039725
christ_the_redeemer_rio,3184874163
christ_the_redeemer_rio,11751433254
christ_the_redeemer_rio,3170652501
christ_the_redeemer_rio,7014650069
christ_the_redeemer_rio,3313056116
christ_the_redeemer_rio,4106629436
christ_the_redeemer_rio,3185723606
christ_the_redeemer_rio,3185723928
christ_the_redeemer_rio,5497962124
christ_the_redeemer_rio,6910923603
christ_the_redeemer_rio,2615604743
christ_the_redeemer_rio,6868482726
christ_the_redeemer_rio,3170657309
christ_the_redeemer_rio,4106628892
christ_the_redeemer_rio,9857704455
civic_center_san_francisco,6705163319
civic_center_san_francisco,6700333445
civic_center_san_francisco,2482786763
civic_center_san_francisco,4057508622
civic_center_san_francisco,10753860484
civic_center_san_francisco,6479937569
civic_center_san_francisco,8993188812
civic_center_san_francisco,9205890648
civic_center_san_francisco,9203105571
civic_center_san_francisco,9203115019
civic_center_san_francisco,2482756687
civic_center_san_francisco,10753757385
civic_center_san_francisco,6947680571
civic_center_san_francisco,10423191424
civic_center_san_francisco,2482779969
civic_center_san_francisco,481415895
civic_center_san_francisco,2483597646
civic_center_san_francisco,7669780204
civic_center_san_francisco,6700323211
civic_center_san_francisco,8993169230
civic_center_san_francisco,10754361846
civic_center_san_francisco,3676878611
civic_center_san_francisco,10405932235
civic_center_san_francisco,3398261716
civic_center_san_francisco,2482817075
cn_tower,4764573113
cn_tower,1523271735
cn_tower,8505375057
cn_tower,31735699
cn_tower,4981209783
cn_tower,4764566295
cn_tower,8126225799
cn_tower,6151655626
cn_tower,471121204
cn_tower,416352209
cn_tower,6084535990
cn_tower,4797516958
cn_tower,6226116211
cn_tower,4619788825
cn_tower,31732960
cn_tower,4764582109
cn_tower,103569212
cn_tower,4764574819
cn_tower,471159613
cn_tower,8045929798
cn_tower,2579660742
cn_tower,8045916765
cn_tower,4827670738
cn_tower,6163356947
cologne_cathedral,9844211954
cologne_cathedral,3567790093
cologne_cathedral,5653019748
cologne_cathedral,4881460225
cologne_cathedral,9844420835
cologne_cathedral,4405330628
cologne_cathedral,6393469081
cologne_cathedral,347369751
cologne_cathedral,6183112194
cologne_cathedral,7225651760
cologne_cathedral,7572885618
cologne_cathedral,3568617568
cologne_cathedral,7410386728
cologne_cathedral,1698065985
cologne_cathedral,7572877164
cologne_cathedral,3388815995
cologne_cathedral,5652456005
cologne_cathedral,902931145
cologne_cathedral,5898170771
cologne_cathedral,7225658834
cologne_cathedral,7225656268
cologne_cathedral,7572913482
cologne_cathedral,4423592469
cologne_cathedral,3172496917
cologne_cathedral,5898168125
colosseum,2363348833
colosseum,2460989151
colosseum,7639992150
colosseum,2381941563
colosseum,11497536
colosseum,5178267201
colosseum,9555665573
colosseum,5180507304
colosseum,2362685888
colosseum,5119096086
colosseum,8561288412
colosseum,8839336296
colosseum,5119094852
colosseum,7640036968
colosseum,9554397299
colosseum,9554979731
colosseum,8838743915
colosseum,7640028660
colosseum,9558072356
colosseum,2461004455
colosseum,8839321734
colosseum,7847013976
colosseum,72970829
colosseum,9554791105
colosseum,9555237605
hearst_castle,290347029
hearst_castle,5962378219
hearst_castle,7931025204
hearst_castle,4685007819
hearst_castle,10660691633
hearst_castle,4771817899
hearst_castle,1426502085
hearst_castle,2706100063
hearst_castle,4685641418
hearst_castle,4027655541
hearst_castle,2706099761
hearst_castle,2531726228
hearst_castle,1427400906
hearst_castle,1426403537
hearst_castle,5290829838
hearst_castle,8297422693
hearst_castle,10452320753
hearst_castle,8298434572
hearst_castle,7931065948
hearst_castle,10452220454
hearst_castle,1427361820
hearst_castle,4685642932
hearst_castle,8297428311
hearst_castle,4771813139
la_madeleine,3102901056
la_madeleine,2899133600
la_madeleine,9847029186
la_madeleine,2899148700
la_madeleine,487283735
la_madeleine,2898308633
la_madeleine,487288433
la_madeleine,12497053754
la_madeleine,487290807
la_madeleine,3093557056
la_madeleine,3770432440
la_madeleine,3092724249
la_madeleine,12497291294
la_madeleine,2898340443
montezuma_castle,5502387977
montezuma_castle,3298324199
montezuma_castle,3433124884
montezuma_castle,4440878827
montezuma_castle,3821655525
montezuma_castle,7381916912
montezuma_castle,9506849530
montezuma_castle,8302546500
montezuma_castle,7381729876
montezuma_castle,10892161045
montezuma_castle,10720112543
montezuma_castle,3298273427
neues_museum,5258781954
neues_museum,8020591964
neues_museum,8395143153
neues_museum,5038159283
neues_museum,11751728964
neues_museum,5051526321
neues_museum,4168830104
neues_museum,8395130859
neues_museum,5051519217
neues_museum,4479259790
neues_museum,4026692112
neues_museum,5456152037
neues_museum,5038159909
neues_museum,4455432619
neues_museum,5258170019
neues_museum,4168840262
neues_museum,8395136279
neues_museum,4132507059
neues_museum,5456522918
neues_museum,9004173270
neues_museum,5258178285
neues_museum,5456565168
neues_museum,5110465307
neues_museum,8396212236
neues_museum,8020714043
pont_alexandre_iii,4382798484
pont_alexandre_iii,8044746271
pont_alexandre_iii,5135399058
pont_alexandre_iii,3752495827
pont_alexandre_iii,10587186216
pont_alexandre_iii,5378310692
pont_alexandre_iii,9570091184
pont_alexandre_iii,2879419816
pont_alexandre_iii,10796446424
pont_alexandre_iii,8725883340
pont_alexandre_iii,11960519616
pont_alexandre_iii,5135420928
pont_alexandre_iii,5135330366
pont_alexandre_iii,5378309608
pont_alexandre_iii,8523171501
pont_alexandre_iii,10452862095
pont_alexandre_iii,3867235566
pont_alexandre_iii,8524295618
pont_alexandre_iii,8664737183
pont_alexandre_iii,2486816798
pont_alexandre_iii,4121303790
pont_alexandre_iii,6254346601
pont_alexandre_iii,5377710683
pont_alexandre_iii,8044750559
pont_alexandre_iii,5052033973
